Workbook

Sheet Market moves
A1: Desk P&L Attribution & Commentary
A2: Synthetic desks. Blue cells are inputs; actual P&L comes from the valuation system.
A4: Rates move (bp) | B4: -6
A5: USD move (%) | B5: 0.4
A6: Equities move (%) | B6: -1.2
A7: Implied volatility move (vol points) | B7: 1.5
A8: Commodities move (%) | B8: 2.1
A9: Unexplained tolerance ($) | B9: 50000
A10: Tolerance as % of actual P&L | B10: 0.1
A12: A desk is flagged when |unexplained| exceeds the larger of the two tolerances.

Sheet Desks
A1: Sensitivities and actual P&L by desk
A2: Sensitivities from yesterday's close. Rates PV01 is $ per +1 bp; deltas are $ per +1%; gamma $ per (1%)^2; vega $ per vol point.
A4: Input ($) | B4: Rates | C4: FX | D4: Equity derivatives | E4: Commodities
A5: PV01 (per +1 bp) | B5: -95000 | C5: 0 | D5: 0 | E5: 0
A6: FX delta (per +1%) | B6: 0 | C6: 180000 | D6: 0 | E6: 0
A7: Equity delta (per +1%) | B7: 0 | C7: 0 | D7: 250000 | E7: 0
A8: Equity gamma (per 1%^2) | B8: 0 | C8: 0 | D8: 40000 | E8: 0
A9: Vega (per vol point) | B9: 0 | C9: 0 | D9: 75000 | E9: 0
A10: Commodity delta (per +1%) | B10: 0 | C10: 0 | D10: 0 | E10: -140000
A11: Carry and time decay | B11: 40000 | C11: -10000 | D11: -55000 | E11: 0
A12: New trades | B12: 120000 | C12: 60000 | D12: 35000 | E12: 20000
A13: Fees | B13: 15000 | C13: 0 | D13: 0 | E13: 0
A14: Actual P&L (valuation system) | B14: 757000 | C14: 118000 | D14: -169700 | E14: -280000

Sheet Attribution
A1: P&L attribution and commentary
A2: Explained = sensitivities × moves + carry + new trades + fees. Unexplained = actual − explained.
A4: Component ($) | B4: Rates | C4: FX | D4: Equity derivatives | E4: Commodities | F4: Total | H4: Commentary phrase
A5: Rates move on PV01 | B5: =Desks!B5*'Market moves'!$B$4 -> 570000 | C5: =Desks!C5*'Market moves'!$B$4 -> 0 | D5: =Desks!D5*'Market moves'!$B$4 -> 0 | E5: =Desks!E5*'Market moves'!$B$4 -> 0 | F5: =SUM(B5:E5) -> 570000 | H5: the rates move on PV01
A6: FX delta | B6: =Desks!B6*'Market moves'!$B$5 -> 0 | C6: =Desks!C6*'Market moves'!$B$5 -> 72000 | D6: =Desks!D6*'Market moves'!$B$5 -> 0 | E6: =Desks!E6*'Market moves'!$B$5 -> 0 | F6: =SUM(B6:E6) -> 72000 | H6: FX delta
A7: Delta | B7: =Desks!B7*'Market moves'!$B$6 -> 0 | C7: =Desks!C7*'Market moves'!$B$6 -> 0 | D7: =Desks!D7*'Market moves'!$B$6 -> -300000 | E7: =Desks!E7*'Market moves'!$B$6 -> 0 | F7: =SUM(B7:E7) -> -300000 | H7: equity delta
A8: Gamma | B8: =0.5*Desks!B8*'Market moves'!$B$6^2 -> 0 | C8: =0.5*Desks!C8*'Market moves'!$B$6^2 -> 0 | D8: =0.5*Desks!D8*'Market moves'!$B$6^2 -> 28800 | E8: =0.5*Desks!E8*'Market moves'!$B$6^2 -> 0 | F8: =SUM(B8:E8) -> 28800 | H8: gamma
A9: Vega | B9: =Desks!B9*'Market moves'!$B$7 -> 0 | C9: =Desks!C9*'Market moves'!$B$7 -> 0 | D9: =Desks!D9*'Market moves'!$B$7 -> 112500 | E9: =Desks!E9*'Market moves'!$B$7 -> 0 | F9: =SUM(B9:E9) -> 112500 | H9: vega
A10: Commodity delta | B10: =Desks!B10*'Market moves'!$B$8 -> 0 | C10: =Desks!C10*'Market moves'!$B$8 -> 0 | D10: =Desks!D10*'Market moves'!$B$8 -> 0 | E10: =Desks!E10*'Market moves'!$B$8 -> -294000 | F10: =SUM(B10:E10) -> -294000 | H10: commodity delta
A11: Carry and time decay | B11: =Desks!B11 -> 40000 | C11: =Desks!C11 -> -10000 | D11: =Desks!D11 -> -55000 | E11: =Desks!E11 -> 0 | F11: =SUM(B11:E11) -> -25000 | H11: carry and time decay
A12: New trades | B12: =Desks!B12 -> 120000 | C12: =Desks!C12 -> 60000 | D12: =Desks!D12 -> 35000 | E12: =Desks!E12 -> 20000 | F12: =SUM(B12:E12) -> 235000 | H12: new trades
A13: Fees | B13: =Desks!B13 -> 15000 | C13: =Desks!C13 -> 0 | D13: =Desks!D13 -> 0 | E13: =Desks!E13 -> 0 | F13: =SUM(B13:E13) -> 15000 | H13: fees
A14: Explained | B14: =SUM(B5:B13) -> 745000 | C14: =SUM(C5:C13) -> 122000 | D14: =SUM(D5:D13) -> -178700 | E14: =SUM(E5:E13) -> -274000 | F14: =SUM(B14:E14) -> 414300
A15: Actual | B15: =Desks!B14 -> 757000 | C15: =Desks!C14 -> 118000 | D15: =Desks!D14 -> -169700 | E15: =Desks!E14 -> -280000 | F15: =SUM(B15:E15) -> 425300
A16: Unexplained | B16: =B15-B14 -> 12000 | C16: =C15-C14 -> -4000 | D16: =D15-D14 -> 9000 | E16: =E15-E14 -> -6000 | F16: =SUM(B16:E16) -> 11000
A17: Tolerance | B17: =MAX('Market moves'!$B$9,'Market moves'!$B$10*ABS(B15)) -> 75700 | C17: =MAX('Market moves'!$B$9,'Market moves'!$B$10*ABS(C15)) -> 50000 | D17: =MAX('Market moves'!$B$9,'Market moves'!$B$10*ABS(D15)) -> 50000 | E17: =MAX('Market moves'!$B$9,'Market moves'!$B$10*ABS(E15)) -> 50000
A18: Flag | B18: =IF(ABS(B16)>B17,"Investigate","Within tolerance") -> Within tolerance | C18: =IF(ABS(C16)>C17,"Investigate","Within tolerance") -> Within tolerance | D18: =IF(ABS(D16)>D17,"Investigate","Within tolerance") -> Within tolerance | E18: =IF(ABS(E16)>E17,"Investigate","Within tolerance") -> Within tolerance
A19: Explained share | B19: =IF(B15=0,0,B14/B15) -> 0.98414795 | C19: =IF(C15=0,0,C14/C15) -> 1.0338983 | D19: =IF(D15=0,0,D14/D15) -> 1.0530348 | E19: =IF(E15=0,0,E14/E15) -> 0.97857143 | F19: =IF(F15=0,0,F14/F15) -> 0.9741359
A22: Largest driver (helper) | B22: =INDEX($A$5:$A$13,MATCH(MAX(B24:B32),B24:B32,0)) -> Rates move on PV01 | C22: =INDEX($A$5:$A$13,MATCH(MAX(C24:C32),C24:C32,0)) -> FX delta | D22: =INDEX($A$5:$A$13,MATCH(MAX(D24:D32),D24:D32,0)) -> Delta | E22: =INDEX($A$5:$A$13,MATCH(MAX(E24:E32),E24:E32,0)) -> Commodity delta
A23: Absolute values used to find each desk's largest driver
A24: =A5 -> Rates move on PV01 | B24: =ABS(B5) -> 570000 | C24: =ABS(C5) -> 0 | D24: =ABS(D5) -> 0 | E24: =ABS(E5) -> 0
A25: =A6 -> FX delta | B25: =ABS(B6) -> 0 | C25: =ABS(C6) -> 72000 | D25: =ABS(D6) -> 0 | E25: =ABS(E6) -> 0
A26: =A7 -> Delta | B26: =ABS(B7) -> 0 | C26: =ABS(C7) -> 0 | D26: =ABS(D7) -> 300000 | E26: =ABS(E7) -> 0
A27: =A8 -> Gamma | B27: =ABS(B8) -> 0 | C27: =ABS(C8) -> 0 | D27: =ABS(D8) -> 28800 | E27: =ABS(E8) -> 0
A28: =A9 -> Vega | B28: =ABS(B9) -> 0 | C28: =ABS(C9) -> 0 | D28: =ABS(D9) -> 112500 | E28: =ABS(E9) -> 0
A29: =A10 -> Commodity delta | B29: =ABS(B10) -> 0 | C29: =ABS(C10) -> 0 | D29: =ABS(D10) -> 0 | E29: =ABS(E10) -> 294000
A30: =A11 -> Carry and time decay | B30: =ABS(B11) -> 40000 | C30: =ABS(C11) -> 10000 | D30: =ABS(D11) -> 55000 | E30: =ABS(E11) -> 0
A31: =A12 -> New trades | B31: =ABS(B12) -> 120000 | C31: =ABS(C12) -> 60000 | D31: =ABS(D12) -> 35000 | E31: =ABS(E12) -> 20000
A32: =A13 -> Fees | B32: =ABS(B13) -> 15000 | C32: =ABS(C13) -> 0 | D32: =ABS(D13) -> 0 | E32: =ABS(E13) -> 0
A35: Commentary for the front office
A36: ="Rates "&IF(B15>=0,"made ","lost ")&TEXT(ABS(B15),"$#,##0")&", driven mainly by "&INDEX($H$5:$H$13,MATCH(B22,$A$5:$A$13,0))&" ("&TEXT(INDEX(B5:B13,MATCH(B22,$A$5:$A$13,0)),"$#,##0;-$#,##0")&"). Unexplained "&TEXT(B16,"$#,##0;-$#,##0")&IF(B18="Investigate",", above tolerance: check bookings, market data and amendments before sign-off.",", within tolerance.") -> Rates made $757,000, driven mainly by the rates move on PV01 ($570,000). Unexplained $12,000, within tolerance.
A37: ="FX "&IF(C15>=0,"made ","lost ")&TEXT(ABS(C15),"$#,##0")&", driven mainly by "&INDEX($H$5:$H$13,MATCH(C22,$A$5:$A$13,0))&" ("&TEXT(INDEX(C5:C13,MATCH(C22,$A$5:$A$13,0)),"$#,##0;-$#,##0")&"). Unexplained "&TEXT(C16,"$#,##0;-$#,##0")&IF(C18="Investigate",", above tolerance: check bookings, market data and amendments before sign-off.",", within tolerance.") -> FX made $118,000, driven mainly by FX delta ($72,000). Unexplained -$4,000, within tolerance.
A38: ="Equity derivatives "&IF(D15>=0,"made ","lost ")&TEXT(ABS(D15),"$#,##0")&", driven mainly by "&INDEX($H$5:$H$13,MATCH(D22,$A$5:$A$13,0))&" ("&TEXT(INDEX(D5:D13,MATCH(D22,$A$5:$A$13,0)),"$#,##0;-$#,##0")&"). Unexplained "&TEXT(D16,"$#,##0;-$#,##0")&IF(D18="Investigate",", above tolerance: check bookings, market data and amendments before sign-off.",", within tolerance.") -> Equity derivatives lost $169,700, driven mainly by equity delta (-$300,000). Unexplained $9,000, within tolerance.
A39: ="Commodities "&IF(E15>=0,"made ","lost ")&TEXT(ABS(E15),"$#,##0")&", driven mainly by "&INDEX($H$5:$H$13,MATCH(E22,$A$5:$A$13,0))&" ("&TEXT(INDEX(E5:E13,MATCH(E22,$A$5:$A$13,0)),"$#,##0;-$#,##0")&"). Unexplained "&TEXT(E16,"$#,##0;-$#,##0")&IF(E18="Investigate",", above tolerance: check bookings, market data and amendments before sign-off.",", within tolerance.") -> Commodities lost $280,000, driven mainly by commodity delta (-$294,000). Unexplained -$6,000, within tolerance.
